[{"assetType":"PolicyAction","assetObject":{"name":"Policy Action [Straight Through Routing] -> Policy For API Starwars[1]","id":"015dce86-a4dc-4cfb-b771-37efd18bc5f3","status":"Success","explanation":"OK","warning":false}},{"assetType":"Policy","assetObject":{"name":"Policy For API Starwars[1]","id":"d92ac17d-3fa7-406a-99b8-fb719322a64a","status":"Success","explanation":"OK","warning":false}},{"assetType":"PolicyAction","assetObject":{"name":"Policy Action [Enable HTTP / HTTPS] -> Policy For API Starwars[1]","id":"f9e3dd12-3651-4a20-9972-ff3c47ace703","status":"Success","explanation":"OK","warning":false}},{"assetType":"RegisteredApplication","assetObject":{"name":"RegisteredApplication [ EmptyRegisteredApplication ]","id":"EmptyRegisteredApplication","status":"Success","explanation":"OK","warning":false}},{"assetType":"PolicyAction","assetObject":{"name":"Policy Action [Validate API Specification] -> Policy For API Starwars[1]","id":"eb3e287a-bcdb-457b-9074-be4b68213b2d","status":"Success","explanation":"OK","warning":false}},{"assetType":"API","assetObject":{"name":"Starwars[1]","id":"d114943a-b814-4877-b53f-07c90864e892","status":"Success","explanation":"OK","warning":false}},{"assetType":"PolicyAction","assetObject":{"name":"Policy Action [Log Invocation] -> Policy For API Starwars[1]","id":"fca75dca-7fb5-422b-ae66-a168c8d27e62","status":"Success","explanation":"OK","warning":false}}]