[{"assetType":"PassmanData","assetObject":{"name":"gateway.destination.elasticsearch.handle","id":"gateway.destination.elasticsearch.handle","status":"Success","explanation":"OK"}},{"assetType":"API","assetObject":{"name":"RedirectionExampleVS[1.0]","id":"ccfb461c-903b-4452-8a99-1b7d46768bc4","status":"Success","explanation":"OK"}},{"assetType":"PolicyAction","assetObject":{"name":"Policy Action [Response Transformation] -> Policy For API RedirectionExampleVS[1.0]","id":"fda3b975-9c6d-4bba-9698-24a695682032","status":"Success","explanation":"OK"}},{"assetType":"Policy","assetObject":{"name":"Policy For API RedirectionExampleVS[1.0]","id":"18b84962-4fb7-4777-9953-fbbd07627fda","status":"Success","explanation":"OK"}},{"assetType":"AdministratorSetting","assetObject":{"name":"API Gateway","id":"gatewayDestinationConfig","status":"Success","explanation":"OK"}},{"assetType":"AdministratorSetting","assetObject":{"name":"Extended settings","id":"extended","status":"Success","explanation":"OK"}},{"assetType":"PolicyAction","assetObject":{"name":"Policy Action [Straight Through Routing] -> Policy For API RedirectionExampleVS[1.0]","id":"51e2462b-5b0a-4327-86b2-64dac722ea9a","status":"Success","explanation":"OK"}},{"assetType":"AdministratorSetting","assetObject":{"name":"Service fault","id":"errorProcessing","status":"Success","explanation":"OK"}},{"assetType":"PolicyAction","assetObject":{"name":"Policy Action [Request Transformation] -> Policy For API RedirectionExampleVS[1.0]","id":"98c07170-75e9-464b-96c5-ac15eea4636b","status":"Success","explanation":"OK"}},{"assetType":"AdministratorSetting","assetObject":{"name":"Elasticsearch","id":"elasticsearchDestinationConfig","status":"Success","explanation":"OK"}},{"assetType":"PolicyAction","assetObject":{"name":"Policy Action [Enable HTTP / HTTPS] -> Policy For API RedirectionExampleVS[1.0]","id":"379aa825-8a87-442f-b806-be6c2c22b7db","status":"Success","explanation":"OK"}}]