[{"assetType":"PassmanData","assetObject":{"name":"fa185de6-3dc9-4ebb-9ee3-ac60ce0dde8dpassword","id":"fa185de6-3dc9-4ebb-9ee3-ac60ce0dde8dpassword","status":"Success","explanation":"OK"}},{"assetType":"Policy","assetObject":{"name":"Policy For API DateAPI[1.0]","id":"719307c6-fe86-4b0f-a1d7-095c7d1863e1","status":"Success","explanation":"OK"}},{"assetType":"PolicyAction","assetObject":{"name":"Policy Action [Straight Through Routing] -> Policy For API DateAPI[1.0]","id":"07c0b9e5-352c-4c1d-91d0-4f180947ce34","status":"Success","explanation":"OK"}},{"assetType":"PolicyAction","assetObject":{"name":"Policy Action [Outbound Authentication - Transport] -> Policy For API DateAPI[1.0]","id":"fa185de6-3dc9-4ebb-9ee3-ac60ce0dde8d","status":"Success","explanation":"OK"}},{"assetType":"API","assetObject":{"name":"DateAPI[1.0]","id":"b926fa36-7a8e-4e2f-a4d7-b85642eea061","status":"Success","explanation":"OK"}},{"assetType":"PolicyAction","assetObject":{"name":"Policy Action [Identify & Authorize Application] -> Policy For API DateAPI[1.0]","id":"b13292c9-d693-4a59-a9d8-52376683f41f","status":"Success","explanation":"OK"}},{"assetType":"PolicyAction","assetObject":{"name":"Policy Action [Enable HTTP / HTTPS] -> Policy For API DateAPI[1.0]","id":"f71d22a8-4265-442a-848c-e784b42217f5","status":"Success","explanation":"OK"}}]