[{"assetType":"Application","assetObject":{"name":"EmployeeService","id":"6088ba6c-dda9-41d4-a4db-6d01c4a49032","status":"Success","explanation":"OK"}},{"assetType":"PassmanData","assetObject":{"name":"API_ACCESS_KEY6088ba6c-dda9-41d4-a4db-6d01c4a49032","id":"API_ACCESS_KEY6088ba6c-dda9-41d4-a4db-6d01c4a49032","status":"Success","explanation":"OK"}},{"assetType":"PolicyAction","assetObject":{"name":"Policy Action [Data Masking] -> EmployeeManagementService_scopePolicy","id":"5c3f1b45-72b8-425b-b762-fd90826a3e16","status":"Success","explanation":"OK"}},{"assetType":"Policy","assetObject":{"name":"Policy For API EmployeeManagementService[3.1]","id":"64163e0a-883a-45d4-9c1e-414e4cb33a89","status":"Success","explanation":"OK"}},{"assetType":"Policy","assetObject":{"name":"EmployeeManagementService_scopePolicy","id":"914948ff-6e27-4f4a-9307-cdda6daf96ee","status":"Success","explanation":"OK"}},{"assetType":"PolicyAction","assetObject":{"name":"Policy Action [Request Transformation] -> Policy For API EmployeeManagementService[3.1]","id":"e6aba81c-9364-4d47-aeed-0ceee7f4299c","status":"Success","explanation":"OK"}},{"assetType":"PolicyAction","assetObject":{"name":"Policy Action [Straight Through Routing] -> Policy For API EmployeeManagementService[3.1]","id":"3ad8eff8-724d-4913-8924-bd22a96aa77d","status":"Success","explanation":"OK"}},{"assetType":"PolicyAction","assetObject":{"name":"Policy Action [Identify & Authorize Application] -> Policy For API EmployeeManagementService[3.1]","id":"b056f87e-38c1-4ec1-9d43-0ff17f10bc1d","status":"Success","explanation":"OK"}},{"assetType":"PolicyAction","assetObject":{"name":"Policy Action [Enable HTTP / HTTPS] -> Policy For API EmployeeManagementService[3.1]","id":"c8fd0e7c-35bc-479b-a67d-328cf853a745","status":"Success","explanation":"OK"}},{"assetType":"API","assetObject":{"name":"EmployeeManagementService[3.1]","id":"dd42be71-5493-4cda-9421-21636bf5f432","status":"Success","explanation":"OK"}},{"assetType":"PolicyAction","assetObject":{"name":"Policy Action [Response Transformation] -> Policy For API EmployeeManagementService[3.1]","id":"2f22e928-fa31-4d8f-9360-05384b5b501d","status":"Success","explanation":"OK"}}]